dteday,season,yr,mnth,hr,holiday,weekday,workingday,weathersit,temp,atemp,hum,windspeed,casual,registered,cnt
2012-05-01,2,1,5,0,0,2,1,2,0.5,0.4848,0.59,0.194,7,28,35
2012-05-01,2,1,5,1,0,2,1,2,0.5,0.4848,0.63,0.1343,0,21,21
2012-05-01,2,1,5,2,0,2,1,2,0.5,0.4848,0.72,0.0896,1,7,8
2012-05-01,2,1,5,3,0,2,1,2,0.5,0.4848,0.77,0.0,1,2,3
2012-05-01,2,1,5,4,0,2,1,2,0.52,0.5,0.72,0.0896,1,7,8
2012-05-01,2,1,5,5,0,2,1,2,0.52,0.5,0.72,0.0896,0,17,17
2012-05-01,2,1,5,6,0,2,1,3,0.52,0.5,0.77,0.1045,2,24,26
2012-05-01,2,1,5,7,0,2,1,2,0.5,0.4848,0.94,0.2537,8,161,169
2012-05-01,2,1,5,8,0,2,1,2,0.52,0.5,0.94,0.2836,19,538,557
2012-05-01,2,1,5,9,0,2,1,2,0.54,0.5152,0.88,0.194,18,331,349
2012-05-01,2,1,5,10,0,2,1,1,0.62,0.5909,0.78,0.2537,30,144,174
2012-05-01,2,1,5,11,0,2,1,2,0.66,0.6212,0.65,0.2836,50,179,229
2012-05-01,2,1,5,12,0,2,1,2,0.7,0.6515,0.58,0.2239,41,228,269
2012-05-01,2,1,5,13,0,2,1,2,0.72,0.6667,0.51,0.2239,41,208,249
2012-05-01,2,1,5,14,0,2,1,2,0.74,0.6667,0.48,0.2537,37,167,204
2012-05-01,2,1,5,15,0,2,1,2,0.74,0.6667,0.45,0.2239,48,186,234
2012-05-01,2,1,5,16,0,2,1,1,0.74,0.6667,0.45,0.194,41,313,354
2012-05-01,2,1,5,17,0,2,1,1,0.74,0.6667,0.48,0.0896,65,616,681
2012-05-01,2,1,5,18,0,2,1,1,0.7,0.6515,0.54,0.1343,81,662,743
2012-05-01,2,1,5,19,0,2,1,1,0.7,0.6515,0.54,0.1343,58,429,487
2012-05-01,2,1,5,20,0,2,1,1,0.66,0.6212,0.61,0.1642,36,299,335
2012-05-01,2,1,5,21,0,2,1,1,0.64,0.6061,0.65,0.1343,31,251,282
2012-05-01,2,1,5,22,0,2,1,1,0.64,0.6061,0.65,0.0,21,190,211
2012-05-01,2,1,5,23,0,2,1,1,0.6,0.5758,0.78,0.0,16,79,95
2012-05-02,2,1,5,0,0,3,1,1,0.6,0.5758,0.78,0.1045,4,43,47
2012-05-02,2,1,5,1,0,3,1,1,0.56,0.5303,0.83,0.0,8,7,15
2012-05-02,2,1,5,2,0,3,1,1,0.56,0.5303,0.83,0.0,7,9,16
2012-05-02,2,1,5,3,0,3,1,1,0.56,0.5303,0.83,0.0896,0,6,6
2012-05-02,2,1,5,4,0,3,1,1,0.54,0.5152,0.88,0.0,2,2,4
2012-05-02,2,1,5,5,0,3,1,1,0.54,0.5152,0.9,0.1343,2,31,33
2012-05-02,2,1,5,6,0,3,1,3,0.56,0.5303,0.84,0.0,3,117,120
2012-05-02,2,1,5,7,0,3,1,2,0.54,0.5152,0.88,0.194,14,344,358
2012-05-02,2,1,5,8,0,3,1,2,0.56,0.5303,0.88,0.0,26,640,666
2012-05-02,2,1,5,9,0,3,1,2,0.56,0.5303,0.88,0.0,26,289,315
2012-05-02,2,1,5,10,0,3,1,2,0.58,0.5455,0.83,0.1045,28,147,175
2012-05-02,2,1,5,11,0,3,1,2,0.58,0.5455,0.81,0.1343,39,145,184
2012-05-02,2,1,5,12,0,3,1,2,0.58,0.5455,0.83,0.2239,35,210,245
2012-05-02,2,1,5,13,0,3,1,2,0.58,0.5455,0.78,0.194,49,179,228
2012-05-02,2,1,5,14,0,3,1,1,0.62,0.6061,0.69,0.0896,51,189,240
2012-05-02,2,1,5,15,0,3,1,1,0.64,0.6061,0.65,0.194,52,204,256
2012-05-02,2,1,5,16,0,3,1,1,0.64,0.6061,0.65,0.1642,54,313,367
2012-05-02,2,1,5,17,0,3,1,1,0.6,0.5909,0.73,0.2537,70,659,729
2012-05-02,2,1,5,18,0,3,1,1,0.56,0.5303,0.73,0.2239,43,770,813
2012-05-02,2,1,5,19,0,3,1,1,0.54,0.5152,0.77,0.2537,43,461,504
2012-05-02,2,1,5,20,0,3,1,1,0.52,0.5,0.77,0.2537,42,296,338
2012-05-02,2,1,5,21,0,3,1,1,0.52,0.5,0.77,0.2239,21,218,239
2012-05-02,2,1,5,22,0,3,1,1,0.5,0.4848,0.82,0.2239,27,146,173
2012-05-02,2,1,5,23,0,3,1,2,0.5,0.4848,0.77,0.2537,21,77,98
2012-05-03,2,1,5,0,0,4,1,2,0.48,0.4697,0.82,0.2239,15,75,90
2012-05-03,2,1,5,1,0,4,1,2,0.46,0.4545,0.88,0.1045,9,15,24
2012-05-03,2,1,5,2,0,4,1,2,0.46,0.4545,0.88,0.1343,4,13,17
2012-05-03,2,1,5,3,0,4,1,2,0.46,0.4545,0.88,0.0,2,4,6
2012-05-03,2,1,5,4,0,4,1,2,0.46,0.4545,0.88,0.2537,0,2,2
2012-05-03,2,1,5,5,0,4,1,2,0.46,0.4545,0.88,0.2537,1,20,21
2012-05-03,2,1,5,6,0,4,1,2,0.46,0.4545,0.88,0.1642,8,128,136
2012-05-03,2,1,5,7,0,4,1,3,0.44,0.4394,0.94,0.1045,8,376,384
2012-05-03,2,1,5,8,0,4,1,3,0.46,0.4545,0.88,0.194,19,608,627
2012-05-03,2,1,5,9,0,4,1,2,0.48,0.4697,0.88,0.1045,25,279,304
2012-05-03,2,1,5,10,0,4,1,2,0.52,0.5,0.77,0.0,36,132,168
2012-05-03,2,1,5,11,0,4,1,1,0.54,0.5152,0.77,0.0,34,167,201
2012-05-03,2,1,5,12,0,4,1,1,0.56,0.5303,0.73,0.1343,64,237,301
2012-05-03,2,1,5,13,0,4,1,1,0.6,0.5909,0.69,0.194,48,217,265
2012-05-03,2,1,5,14,0,4,1,1,0.64,0.6061,0.65,0.194,33,171,204
2012-05-03,2,1,5,15,0,4,1,1,0.66,0.6212,0.61,0.194,63,220,283
2012-05-03,2,1,5,16,0,4,1,1,0.68,0.6364,0.57,0.1642,45,325,370
2012-05-03,2,1,5,17,0,4,1,1,0.72,0.6667,0.54,0.1343,87,617,704
2012-05-03,2,1,5,18,0,4,1,1,0.72,0.6667,0.58,0.1343,64,642,706
2012-05-03,2,1,5,19,0,4,1,1,0.7,0.6515,0.61,0.194,55,467,522
2012-05-03,2,1,5,20,0,4,1,1,0.64,0.6061,0.73,0.194,52,368,420
2012-05-03,2,1,5,21,0,4,1,1,0.62,0.5909,0.78,0.1343,42,257,299
2012-05-03,2,1,5,22,0,4,1,1,0.62,0.5909,0.78,0.0,29,217,246
2012-05-03,2,1,5,23,0,4,1,1,0.6,0.5606,0.83,0.0,21,100,121
2012-05-04,2,1,5,0,0,5,1,1,0.6,0.5758,0.78,0.3284,19,70,89
2012-05-04,2,1,5,1,0,5,1,1,0.6,0.5758,0.78,0.1045,15,33,48
2012-05-04,2,1,5,2,0,5,1,1,0.58,0.5455,0.83,0.1343,0,11,11
2012-05-04,2,1,5,3,0,5,1,1,0.56,0.5303,0.88,0.2239,0,14,14
2012-05-04,2,1,5,4,0,5,1,1,0.56,0.5303,0.88,0.194,0,4,4
2012-05-04,2,1,5,5,0,5,1,1,0.56,0.5303,0.88,0.194,0,24,24
2012-05-04,2,1,5,6,0,5,1,1,0.54,0.5152,0.94,0.1045,8,127,135
2012-05-04,2,1,5,7,0,5,1,1,0.56,0.5303,0.88,0.0,9,347,356
2012-05-04,2,1,5,8,0,5,1,1,0.56,0.5303,0.88,0.0,34,584,618
2012-05-04,2,1,5,9,0,5,1,1,0.6,0.5758,0.78,0.0,32,262,294
2012-05-04,2,1,5,10,0,5,1,2,0.62,0.5909,0.73,0.1343,45,154,199
2012-05-04,2,1,5,11,0,5,1,2,0.7,0.6515,0.61,0.0,77,181,258
2012-05-04,2,1,5,12,0,5,1,3,0.62,0.5909,0.78,0.3582,46,125,171
2012-05-04,2,1,5,13,0,5,1,2,0.64,0.6061,0.73,0.0,71,207,278
2012-05-04,2,1,5,14,0,5,1,2,0.66,0.6212,0.74,0.2836,83,159,242
2012-05-04,2,1,5,15,0,5,1,2,0.72,0.6818,0.62,0.1045,103,240,343
2012-05-04,2,1,5,16,0,5,1,1,0.76,0.6818,0.48,0.1642,82,358,440
2012-05-04,2,1,5,17,0,5,1,1,0.7,0.6515,0.54,0.4627,96,547,643
2012-05-04,2,1,5,18,0,5,1,1,0.7,0.6515,0.54,0.4627,77,564,641
2012-05-04,2,1,5,19,0,5,1,1,0.7,0.6515,0.51,0.1343,64,388,452
2012-05-04,2,1,5,20,0,5,1,1,0.68,0.6364,0.51,0.1045,58,255,313
2012-05-04,2,1,5,21,0,5,1,1,0.64,0.6061,0.69,0.194,49,186,235
2012-05-04,2,1,5,22,0,5,1,1,0.6,0.5606,0.83,0.1343,50,182,232
2012-05-04,2,1,5,23,0,5,1,1,0.6,0.5606,0.83,0.0896,51,205,256
2012-05-05,2,1,5,0,0,6,0,1,0.6,0.5606,0.83,0.0,42,111,153
2012-05-05,2,1,5,1,0,6,0,1,0.6,0.5606,0.83,0.0,28,79,107
2012-05-05,2,1,5,2,0,6,0,1,0.58,0.5455,0.88,0.0,24,51,75
2012-05-05,2,1,5,3,0,6,0,1,0.58,0.5455,0.83,0.0,11,21,32
2012-05-05,2,1,5,4,0,6,0,1,0.56,0.5303,0.88,0.1045,0,9,9
2012-05-05,2,1,5,5,0,6,0,1,0.56,0.5303,0.88,0.0896,8,14,22
2012-05-05,2,1,5,6,0,6,0,2,0.54,0.5152,0.94,0.0,9,33,42
2012-05-05,2,1,5,7,0,6,0,1,0.56,0.5303,0.88,0.0,8,79,87
2012-05-05,2,1,5,8,0,6,0,1,0.58,0.5455,0.83,0.0896,42,155,197
2012-05-05,2,1,5,9,0,6,0,1,0.62,0.5909,0.78,0.1045,61,223,284
2012-05-05,2,1,5,10,0,6,0,1,0.66,0.6212,0.65,0.1343,148,284,432
2012-05-05,2,1,5,11,0,6,0,1,0.7,0.6515,0.58,0.0896,221,354,575
2012-05-05,2,1,5,12,0,6,0,1,0.72,0.6667,0.58,0.1045,220,330,550
2012-05-05,2,1,5,13,0,6,0,1,0.74,0.6818,0.55,0.1343,217,307,524
2012-05-05,2,1,5,14,0,6,0,3,0.7,0.6515,0.61,0.2985,187,241,428
2012-05-05,2,1,5,15,0,6,0,3,0.66,0.6212,0.74,0.194,241,300,541
2012-05-05,2,1,5,16,0,6,0,2,0.68,0.6364,0.65,0.3881,230,310,540
2012-05-05,2,1,5,17,0,6,0,2,0.68,0.6364,0.65,0.2985,204,298,502
2012-05-05,2,1,5,18,0,6,0,2,0.66,0.6212,0.69,0.3582,156,278,434
2012-05-05,2,1,5,19,0,6,0,2,0.62,0.5909,0.73,0.3284,151,254,405
2012-05-05,2,1,5,20,0,6,0,1,0.6,0.5758,0.78,0.2537,100,209,309
2012-05-05,2,1,5,21,0,6,0,2,0.58,0.5455,0.78,0.2239,86,183,269
2012-05-05,2,1,5,22,0,6,0,2,0.58,0.5455,0.78,0.194,67,150,217
2012-05-05,2,1,5,23,0,6,0,2,0.56,0.5303,0.83,0.2836,35,114,149
2012-05-06,2,1,5,0,0,0,0,2,0.56,0.5303,0.83,0.1343,23,111,134
2012-05-06,2,1,5,1,0,0,0,2,0.54,0.5152,0.83,0.2239,37,84,121
2012-05-06,2,1,5,2,0,0,0,2,0.54,0.5152,0.83,0.2836,29,64,93
2012-05-06,2,1,5,3,0,0,0,2,0.54,0.5152,0.83,0.194,9,19,28
2012-05-06,2,1,5,4,0,0,0,3,0.52,0.5,0.83,0.1642,9,7,16
2012-05-06,2,1,5,5,0,0,0,3,0.52,0.5,0.83,0.1642,1,10,11
2012-05-06,2,1,5,6,0,0,0,3,0.52,0.5,0.83,0.2239,3,14,17
2012-05-06,2,1,5,7,0,0,0,3,0.52,0.5,0.83,0.1642,5,31,36
2012-05-06,2,1,5,8,0,0,0,2,0.5,0.4848,0.88,0.1343,23,91,114
2012-05-06,2,1,5,9,0,0,0,2,0.52,0.5,0.83,0.1642,63,128,191
2012-05-06,2,1,5,10,0,0,0,2,0.54,0.5152,0.77,0.1045,112,221,333
2012-05-06,2,1,5,11,0,0,0,1,0.56,0.5303,0.73,0.1045,144,270,414
2012-05-06,2,1,5,12,0,0,0,2,0.6,0.6061,0.64,0.0896,207,351,558
2012-05-06,2,1,5,13,0,0,0,2,0.6,0.6061,0.64,0.0,197,368,565
2012-05-06,2,1,5,14,0,0,0,2,0.6,0.6061,0.64,0.1045,226,292,518
2012-05-06,2,1,5,15,0,0,0,2,0.62,0.6061,0.61,0.1045,229,342,571
2012-05-06,2,1,5,16,0,0,0,2,0.62,0.6061,0.61,0.0,181,363,544
2012-05-06,2,1,5,17,0,0,0,2,0.62,0.6061,0.65,0.1343,195,316,511
2012-05-06,2,1,5,18,0,0,0,2,0.62,0.6061,0.61,0.194,131,332,463
2012-05-06,2,1,5,19,0,0,0,2,0.6,0.6061,0.64,0.1642,117,266,383
2012-05-06,2,1,5,20,0,0,0,1,0.6,0.6061,0.64,0.194,73,203,276
2012-05-06,2,1,5,21,0,0,0,1,0.56,0.5303,0.73,0.194,55,148,203
2012-05-06,2,1,5,22,0,0,0,1,0.56,0.5303,0.73,0.1642,44,113,157
2012-05-06,2,1,5,23,0,0,0,1,0.52,0.5,0.77,0.194,22,80,102
2012-05-07,2,1,5,0,0,1,1,2,0.52,0.5,0.77,0.1343,13,21,34
2012-05-07,2,1,5,1,0,1,1,2,0.52,0.5,0.77,0.194,1,8,9
2012-05-07,2,1,5,2,0,1,1,1,0.5,0.4848,0.77,0.194,1,5,6
2012-05-07,2,1,5,3,0,1,1,1,0.5,0.4848,0.77,0.194,2,3,5
2012-05-07,2,1,5,4,0,1,1,2,0.46,0.4545,0.88,0.1343,0,2,2
2012-05-07,2,1,5,5,0,1,1,1,0.46,0.4545,0.88,0.1045,2,21,23
2012-05-07,2,1,5,6,0,1,1,1,0.46,0.4545,0.88,0.1045,8,134,142
2012-05-07,2,1,5,7,0,1,1,2,0.48,0.4697,0.82,0.1045,18,367,385
2012-05-07,2,1,5,8,0,1,1,2,0.5,0.4848,0.82,0.194,31,608,639
2012-05-07,2,1,5,9,0,1,1,2,0.5,0.4848,0.82,0.2239,61,289,350
2012-05-07,2,1,5,10,0,1,1,2,0.52,0.5,0.77,0.194,62,128,190
2012-05-07,2,1,5,11,0,1,1,2,0.54,0.5152,0.73,0.194,64,149,213
2012-05-07,2,1,5,12,0,1,1,2,0.56,0.5303,0.68,0.2239,74,189,263
2012-05-07,2,1,5,13,0,1,1,2,0.6,0.6212,0.53,0.3284,75,197,272
2012-05-07,2,1,5,14,0,1,1,2,0.62,0.6212,0.5,0.3582,59,180,239
2012-05-07,2,1,5,15,0,1,1,2,0.62,0.6212,0.53,0.2985,76,186,262
2012-05-07,2,1,5,16,0,1,1,2,0.6,0.6212,0.53,0.3881,68,320,388
2012-05-07,2,1,5,17,0,1,1,2,0.6,0.6212,0.53,0.3284,102,667,769
2012-05-07,2,1,5,18,0,1,1,2,0.6,0.6212,0.53,0.3582,78,602,680
2012-05-07,2,1,5,19,0,1,1,1,0.58,0.5455,0.56,0.3284,83,463,546
2012-05-07,2,1,5,20,0,1,1,1,0.54,0.5152,0.52,0.2836,46,277,323
2012-05-07,2,1,5,21,0,1,1,2,0.54,0.5152,0.45,0.2239,37,210,247
2012-05-07,2,1,5,22,0,1,1,2,0.54,0.5152,0.45,0.2537,26,147,173
2012-05-07,2,1,5,23,0,1,1,2,0.54,0.5152,0.45,0.194,21,92,113
2012-05-08,2,1,5,0,0,2,1,2,0.52,0.5,0.52,0.2537,10,28,38
2012-05-08,2,1,5,1,0,2,1,2,0.52,0.5,0.59,0.2239,6,3,9
2012-05-08,2,1,5,2,0,2,1,2,0.52,0.5,0.63,0.2985,9,7,16
2012-05-08,2,1,5,3,0,2,1,2,0.52,0.5,0.68,0.2836,2,4,6
2012-05-08,2,1,5,4,0,2,1,2,0.52,0.5,0.68,0.3284,0,5,5
2012-05-08,2,1,5,5,0,2,1,2,0.52,0.5,0.72,0.2836,0,20,20
2012-05-08,2,1,5,6,0,2,1,1,0.5,0.4848,0.77,0.2985,7,158,165
2012-05-08,2,1,5,7,0,2,1,1,0.52,0.5,0.72,0.2836,21,442,463
2012-05-08,2,1,5,8,0,2,1,2,0.54,0.5152,0.73,0.2985,36,605,641
2012-05-08,2,1,5,9,0,2,1,2,0.56,0.5303,0.68,0.3582,37,258,295
2012-05-08,2,1,5,10,0,2,1,2,0.58,0.5455,0.68,0.4179,46,111,157
2012-05-08,2,1,5,11,0,2,1,2,0.6,0.6061,0.64,0.3881,60,157,217
2012-05-08,2,1,5,12,0,2,1,2,0.62,0.6061,0.65,0.3284,60,203,263
2012-05-08,2,1,5,13,0,2,1,3,0.64,0.6061,0.65,0.2537,53,166,219
2012-05-08,2,1,5,14,0,2,1,3,0.62,0.6061,0.69,0.3284,8,63,71
2012-05-08,2,1,5,15,0,2,1,3,0.62,0.5909,0.73,0.2537,40,94,134
2012-05-08,2,1,5,16,0,2,1,3,0.64,0.6061,0.73,0.2239,54,335,389
2012-05-08,2,1,5,17,0,2,1,2,0.64,0.6061,0.69,0.2836,77,640,717
2012-05-08,2,1,5,18,0,2,1,2,0.64,0.6061,0.69,0.2836,69,641,710
2012-05-08,2,1,5,19,0,2,1,2,0.64,0.6061,0.69,0.2836,59,399,458
2012-05-08,2,1,5,20,0,2,1,2,0.64,0.6061,0.69,0.2836,40,262,302
2012-05-08,2,1,5,21,0,2,1,2,0.64,0.6061,0.65,0.2836,21,202,223
2012-05-08,2,1,5,22,0,2,1,3,0.6,0.5758,0.78,0.2537,13,134,147
2012-05-08,2,1,5,23,0,2,1,3,0.6,0.5758,0.78,0.3284,10,53,63
2012-05-09,2,1,5,0,0,3,1,2,0.58,0.5455,0.83,0.194,8,27,35
2012-05-09,2,1,5,1,0,3,1,2,0.6,0.5758,0.78,0.2537,3,11,14
2012-05-09,2,1,5,2,0,3,1,3,0.56,0.5303,0.88,0.4478,0,1,1
2012-05-09,2,1,5,3,0,3,1,3,0.56,0.5303,0.88,0.1642,0,2,2
2012-05-09,2,1,5,4,0,3,1,3,0.56,0.5303,0.88,0.2239,0,5,5
2012-05-09,2,1,5,5,0,3,1,2,0.56,0.5303,0.88,0.1343,1,27,28
2012-05-09,2,1,5,6,0,3,1,2,0.56,0.5303,0.88,0.1045,5,121,126
2012-05-09,2,1,5,7,0,3,1,2,0.56,0.5303,0.94,0.194,17,401,418
2012-05-09,2,1,5,8,0,3,1,2,0.6,0.5606,0.83,0.1343,28,594,622
2012-05-09,2,1,5,9,0,3,1,2,0.6,0.5606,0.83,0.0,40,285,325
2012-05-09,2,1,5,10,0,3,1,2,0.62,0.6061,0.65,0.2537,40,113,153
2012-05-09,2,1,5,11,0,3,1,2,0.62,0.6212,0.59,0.2985,45,156,201
2012-05-09,2,1,5,12,0,3,1,2,0.62,0.6212,0.57,0.2239,58,222,280
2012-05-09,2,1,5,13,0,3,1,2,0.64,0.6212,0.53,0.2537,50,216,266
2012-05-09,2,1,5,14,0,3,1,2,0.64,0.6212,0.53,0.2537,68,175,243
2012-05-09,2,1,5,15,0,3,1,2,0.64,0.6212,0.53,0.1045,68,191,259
2012-05-09,2,1,5,16,0,3,1,2,0.66,0.6212,0.5,0.194,68,289,357
2012-05-09,2,1,5,17,0,3,1,2,0.64,0.6212,0.53,0.1343,76,629,705
2012-05-09,2,1,5,18,0,3,1,3,0.52,0.5,0.77,0.5821,23,349,372
2012-05-09,2,1,5,19,0,3,1,3,0.5,0.4848,0.77,0.3582,2,96,98
2012-05-09,2,1,5,20,0,3,1,3,0.5,0.4848,0.82,0.2239,3,48,51
2012-05-09,2,1,5,21,0,3,1,3,0.5,0.4848,0.82,0.1642,4,30,34
2012-05-09,2,1,5,22,0,3,1,3,0.48,0.4697,0.82,0.1045,5,62,67
2012-05-09,2,1,5,23,0,3,1,3,0.48,0.4697,0.82,0.194,8,47,55
2012-05-10,2,1,5,0,0,4,1,3,0.5,0.4848,0.77,0.1642,2,31,33
2012-05-10,2,1,5,1,0,4,1,2,0.48,0.4697,0.88,0.1343,2,9,11
2012-05-10,2,1,5,2,0,4,1,2,0.48,0.4697,0.88,0.1045,0,3,3
2012-05-10,2,1,5,3,0,4,1,1,0.46,0.4545,0.88,0.2239,0,3,3
2012-05-10,2,1,5,4,0,4,1,1,0.46,0.4545,0.77,0.194,0,2,2
2012-05-10,2,1,5,5,0,4,1,1,0.46,0.4545,0.72,0.2985,1,23,24
2012-05-10,2,1,5,6,0,4,1,1,0.44,0.4394,0.72,0.2239,9,130,139
2012-05-10,2,1,5,7,0,4,1,1,0.44,0.4394,0.72,0.2985,8,393,401
2012-05-10,2,1,5,8,0,4,1,1,0.46,0.4545,0.67,0.3582,27,603,630
2012-05-10,2,1,5,9,0,4,1,1,0.5,0.4848,0.59,0.4627,62,299,361
2012-05-10,2,1,5,10,0,4,1,1,0.5,0.4848,0.51,0.4179,42,112,154
2012-05-10,2,1,5,11,0,4,1,1,0.52,0.5,0.48,0.5224,77,179,256
2012-05-10,2,1,5,12,0,4,1,1,0.52,0.5,0.48,0.4179,65,207,272
2012-05-10,2,1,5,13,0,4,1,1,0.54,0.5152,0.39,0.4478,90,228,318
2012-05-10,2,1,5,14,0,4,1,1,0.56,0.5303,0.37,0.4179,61,186,247
2012-05-10,2,1,5,15,0,4,1,1,0.54,0.5152,0.37,0.3881,79,192,271
2012-05-10,2,1,5,16,0,4,1,1,0.58,0.5455,0.3,0.4627,87,334,421
2012-05-10,2,1,5,17,0,4,1,1,0.6,0.6212,0.31,0.3881,84,648,732
2012-05-10,2,1,5,18,0,4,1,1,0.56,0.5303,0.35,0.5224,109,661,770
2012-05-10,2,1,5,19,0,4,1,1,0.54,0.5152,0.37,0.3582,84,469,553
2012-05-10,2,1,5,20,0,4,1,1,0.52,0.5,0.4,0.3284,59,315,374
2012-05-10,2,1,5,21,0,4,1,1,0.5,0.4848,0.42,0.194,19,211,230
2012-05-10,2,1,5,22,0,4,1,1,0.5,0.4848,0.42,0.1045,36,196,232
2012-05-10,2,1,5,23,0,4,1,1,0.48,0.4697,0.48,0.1045,23,112,135
2012-05-11,2,1,5,0,0,5,1,1,0.46,0.4545,0.55,0.1045,17,47,64
2012-05-11,2,1,5,1,0,5,1,1,0.46,0.4545,0.51,0.1343,14,32,46
2012-05-11,2,1,5,2,0,5,1,1,0.46,0.4545,0.44,0.1642,15,16,31
2012-05-11,2,1,5,3,0,5,1,1,0.46,0.4545,0.41,0.2836,5,8,13
2012-05-11,2,1,5,4,0,5,1,1,0.42,0.4242,0.5,0.194,3,6,9
2012-05-11,2,1,5,5,0,5,1,1,0.42,0.4242,0.47,0.1642,3,23,26
2012-05-11,2,1,5,6,0,5,1,1,0.42,0.4242,0.5,0.2537,7,128,135
2012-05-11,2,1,5,7,0,5,1,1,0.42,0.4242,0.5,0.2537,6,345,351
2012-05-11,2,1,5,8,0,5,1,1,0.46,0.4545,0.44,0.2537,41,579,620
2012-05-11,2,1,5,9,0,5,1,1,0.48,0.4697,0.41,0.2985,34,288,322
2012-05-11,2,1,5,10,0,5,1,1,0.52,0.5,0.36,0.3284,69,141,210
2012-05-11,2,1,5,11,0,5,1,1,0.56,0.5303,0.35,0.2537,88,203,291
2012-05-11,2,1,5,12,0,5,1,1,0.56,0.5303,0.28,0.4179,89,259,348
2012-05-11,2,1,5,13,0,5,1,1,0.6,0.6061,0.26,0.3881,100,263,363
2012-05-11,2,1,5,14,0,5,1,1,0.62,0.6061,0.23,0.2239,116,218,334
2012-05-11,2,1,5,15,0,5,1,1,0.62,0.6061,0.25,0.194,140,299,439
2012-05-11,2,1,5,16,0,5,1,1,0.62,0.6061,0.25,0.3284,128,397,525
2012-05-11,2,1,5,17,0,5,1,1,0.64,0.6061,0.23,0.2537,102,677,779
2012-05-11,2,1,5,18,0,5,1,1,0.64,0.6061,0.23,0.2836,78,518,596
2012-05-11,2,1,5,19,0,5,1,1,0.64,0.6061,0.23,0.2537,73,430,503
2012-05-11,2,1,5,20,0,5,1,1,0.62,0.6061,0.25,0.1343,64,277,341
2012-05-11,2,1,5,21,0,5,1,1,0.6,0.6061,0.28,0.1045,45,225,270
2012-05-11,2,1,5,22,0,5,1,1,0.56,0.5303,0.35,0.2239,44,190,234
2012-05-11,2,1,5,23,0,5,1,1,0.54,0.5152,0.37,0.194,38,142,180
2012-05-12,2,1,5,0,0,6,0,1,0.52,0.5,0.42,0.1642,25,111,136
2012-05-12,2,1,5,1,0,6,0,1,0.5,0.4848,0.48,0.0,14,79,93
2012-05-12,2,1,5,2,0,6,0,1,0.46,0.4545,0.59,0.1343,10,46,56
2012-05-12,2,1,5,3,0,6,0,1,0.48,0.4697,0.59,0.0,14,20,34
2012-05-12,2,1,5,4,0,6,0,1,0.44,0.4394,0.67,0.1045,3,6,9
2012-05-12,2,1,5,5,0,6,0,1,0.42,0.4242,0.67,0.1343,5,8,13
2012-05-12,2,1,5,6,0,6,0,1,0.42,0.4242,0.67,0.0896,10,23,33
2012-05-12,2,1,5,7,0,6,0,1,0.42,0.4242,0.71,0.1343,10,57,67
2012-05-12,2,1,5,8,0,6,0,1,0.52,0.5,0.48,0.0,22,156,178
2012-05-12,2,1,5,9,0,6,0,1,0.54,0.5152,0.49,0.0,87,248,335
2012-05-12,2,1,5,10,0,6,0,1,0.56,0.5303,0.49,0.0896,132,279,411
2012-05-12,2,1,5,11,0,6,0,1,0.62,0.6212,0.41,0.0896,157,365,522
2012-05-12,2,1,5,12,0,6,0,1,0.64,0.6212,0.36,0.1642,206,353,559
2012-05-12,2,1,5,13,0,6,0,1,0.64,0.6212,0.36,0.194,293,366,659
2012-05-12,2,1,5,14,0,6,0,1,0.66,0.6212,0.36,0.194,257,358,615
2012-05-12,2,1,5,15,0,6,0,1,0.68,0.6212,0.24,0.194,269,321,590
2012-05-12,2,1,5,16,0,6,0,2,0.7,0.6364,0.21,0.194,254,337,591
2012-05-12,2,1,5,17,0,6,0,2,0.66,0.6212,0.36,0.194,233,343,576
2012-05-12,2,1,5,18,0,6,0,2,0.66,0.6212,0.31,0.194,164,382,546
2012-05-12,2,1,5,19,0,6,0,2,0.64,0.6212,0.36,0.1642,166,273,439
2012-05-12,2,1,5,20,0,6,0,1,0.62,0.6212,0.46,0.1642,113,174,287
2012-05-12,2,1,5,21,0,6,0,2,0.6,0.6061,0.6,0.1343,74,156,230
2012-05-12,2,1,5,22,0,6,0,1,0.56,0.5303,0.68,0.1343,62,212,274
2012-05-12,2,1,5,23,0,6,0,1,0.58,0.5455,0.56,0.0896,42,134,176
2012-05-13,2,1,5,0,0,0,0,1,0.56,0.5303,0.64,0.1642,19,79,98
2012-05-13,2,1,5,1,0,0,0,2,0.54,0.5152,0.68,0.1343,22,72,94
2012-05-13,2,1,5,2,0,0,0,2,0.54,0.5152,0.68,0.1642,22,60,82
2012-05-13,2,1,5,3,0,0,0,2,0.54,0.5152,0.64,0.1343,2,26,28
2012-05-13,2,1,5,4,0,0,0,2,0.54,0.5152,0.68,0.194,2,7,9
2012-05-13,2,1,5,5,0,0,0,1,0.52,0.5,0.72,0.194,4,8,12
2012-05-13,2,1,5,6,0,0,0,1,0.52,0.5,0.68,0.1642,6,15,21
2012-05-13,2,1,5,7,0,0,0,1,0.52,0.5,0.68,0.1642,18,42,60
2012-05-13,2,1,5,8,0,0,0,1,0.56,0.5303,0.64,0.1642,32,124,156
2012-05-13,2,1,5,9,0,0,0,1,0.6,0.6212,0.56,0.1343,79,143,222
2012-05-13,2,1,5,10,0,0,0,1,0.6,0.6061,0.6,0.2537,128,222,350
2012-05-13,2,1,5,11,0,0,0,1,0.62,0.6212,0.57,0.2537,150,278,428
2012-05-13,2,1,5,12,0,0,0,1,0.64,0.6212,0.57,0.2239,189,342,531
2012-05-13,2,1,5,13,0,0,0,1,0.68,0.6364,0.54,0.2537,255,347,602
2012-05-13,2,1,5,14,0,0,0,1,0.7,0.6515,0.48,0.1343,228,324,552
2012-05-13,2,1,5,15,0,0,0,1,0.72,0.6515,0.45,0.3582,190,309,499
2012-05-13,2,1,5,16,0,0,0,1,0.72,0.6515,0.42,0.2537,225,339,564
2012-05-13,2,1,5,17,0,0,0,1,0.7,0.6364,0.45,0.4179,191,287,478
2012-05-13,2,1,5,18,0,0,0,2,0.68,0.6364,0.44,0.3582,129,260,389
2012-05-13,2,1,5,19,0,0,0,2,0.66,0.6212,0.5,0.4179,107,232,339
2012-05-13,2,1,5,20,0,0,0,2,0.66,0.6212,0.5,0.2836,67,163,230
2012-05-13,2,1,5,21,0,0,0,2,0.64,0.6212,0.53,0.194,48,121,169
2012-05-13,2,1,5,22,0,0,0,2,0.62,0.6061,0.61,0.1642,42,89,131
2012-05-13,2,1,5,23,0,0,0,2,0.62,0.6212,0.57,0.2239,17,57,74
2012-05-14,2,1,5,0,0,1,1,2,0.6,0.6212,0.56,0.2537,21,14,35
2012-05-14,2,1,5,1,0,1,1,2,0.6,0.6061,0.6,0.2836,5,6,11
2012-05-14,2,1,5,2,0,1,1,1,0.6,0.6061,0.6,0.2985,1,1,2
2012-05-14,2,1,5,3,0,1,1,2,0.58,0.5455,0.68,0.3284,0,2,2
2012-05-14,2,1,5,4,0,1,1,2,0.54,0.5152,0.77,0.2239,3,3,6
2012-05-14,2,1,5,5,0,1,1,2,0.54,0.5152,0.77,0.1642,1,25,26
2012-05-14,2,1,5,6,0,1,1,3,0.52,0.5,0.94,0.2985,3,62,65
2012-05-14,2,1,5,7,0,1,1,3,0.52,0.5,0.94,0.194,3,72,75
2012-05-14,2,1,5,8,0,1,1,3,0.54,0.5152,0.88,0.2239,1,155,156
2012-05-14,2,1,5,9,0,1,1,3,0.54,0.5152,0.88,0.2836,5,105,110
2012-05-14,2,1,5,10,0,1,1,3,0.54,0.5152,0.88,0.2537,6,53,59
2012-05-14,2,1,5,11,0,1,1,2,0.56,0.5303,0.83,0.2239,12,67,79
2012-05-14,2,1,5,12,0,1,1,2,0.56,0.5303,0.88,0.2836,53,132,185
2012-05-14,2,1,5,13,0,1,1,2,0.62,0.5909,0.73,0.2239,33,143,176
2012-05-14,2,1,5,14,0,1,1,2,0.62,0.5909,0.73,0.2537,43,128,171
2012-05-14,2,1,5,15,0,1,1,2,0.62,0.5909,0.73,0.1642,40,156,196
2012-05-14,2,1,5,16,0,1,1,3,0.62,0.6061,0.69,0.2836,20,91,111
2012-05-14,2,1,5,17,0,1,1,3,0.56,0.5303,0.88,0.2537,25,204,229
2012-05-14,2,1,5,18,0,1,1,2,0.58,0.5455,0.83,0.0,17,283,300
2012-05-14,2,1,5,19,0,1,1,3,0.58,0.5455,0.88,0.1343,10,294,304
2012-05-14,2,1,5,20,0,1,1,2,0.58,0.5455,0.88,0.194,11,178,189
2012-05-14,2,1,5,21,0,1,1,2,0.58,0.5455,0.83,0.0896,7,145,152
2012-05-14,2,1,5,22,0,1,1,2,0.58,0.5455,0.78,0.0896,11,118,129
2012-05-14,2,1,5,23,0,1,1,2,0.58,0.5455,0.78,0.1045,11,64,75
2012-05-15,2,1,5,0,0,2,1,2,0.56,0.5303,0.88,0.1343,7,25,32
2012-05-15,2,1,5,1,0,2,1,3,0.56,0.5303,0.88,0.1343,5,14,19
2012-05-15,2,1,5,2,0,2,1,2,0.56,0.5303,0.88,0.1343,1,3,4
2012-05-15,2,1,5,3,0,2,1,3,0.58,0.5455,0.83,0.1343,1,5,6
2012-05-15,2,1,5,4,0,2,1,3,0.56,0.5303,0.94,0.0,1,4,5
2012-05-15,2,1,5,5,0,2,1,3,0.56,0.5303,0.94,0.2239,0,8,8
2012-05-15,2,1,5,6,0,2,1,3,0.56,0.5303,0.94,0.2239,2,22,24
2012-05-15,2,1,5,7,0,2,1,3,0.56,0.5303,0.94,0.1343,1,91,92
2012-05-15,2,1,5,8,0,2,1,2,0.58,0.5455,0.88,0.0896,8,401,409
2012-05-15,2,1,5,9,0,2,1,2,0.58,0.5455,0.88,0.0896,28,327,355
2012-05-15,2,1,5,10,0,2,1,1,0.62,0.5909,0.78,0.1045,27,144,171
2012-05-15,2,1,5,11,0,2,1,1,0.64,0.5909,0.78,0.194,38,186,224
2012-05-15,2,1,5,12,0,2,1,1,0.64,0.6061,0.73,0.194,44,220,264
2012-05-15,2,1,5,13,0,2,1,3,0.64,0.6061,0.73,0.194,35,204,239
2012-05-15,2,1,5,14,0,2,1,2,0.64,0.6061,0.73,0.194,39,145,184
2012-05-15,2,1,5,15,0,2,1,2,0.7,0.6515,0.61,0.0896,51,205,256
2012-05-15,2,1,5,16,0,2,1,1,0.68,0.6364,0.65,0.1642,74,300,374
2012-05-15,2,1,5,17,0,2,1,1,0.68,0.6364,0.65,0.1045,75,603,678
2012-05-15,2,1,5,18,0,2,1,1,0.7,0.6515,0.61,0.0896,68,665,733
2012-05-15,2,1,5,19,0,2,1,1,0.66,0.6212,0.69,0.1642,57,455,512
2012-05-15,2,1,5,20,0,2,1,3,0.64,0.6061,0.73,0.1343,30,233,263
2012-05-15,2,1,5,21,0,2,1,3,0.64,0.6061,0.73,0.2836,11,98,109
2012-05-15,2,1,5,22,0,2,1,1,0.58,0.5455,0.78,0.2239,9,74,83
2012-05-15,2,1,5,23,0,2,1,3,0.56,0.5303,0.88,0.1045,13,58,71
2012-05-16,2,1,5,0,0,3,1,2,0.58,0.5455,0.88,0.0,12,27,39
2012-05-16,2,1,5,1,0,3,1,2,0.58,0.5455,0.88,0.1343,7,14,21
2012-05-16,2,1,5,2,0,3,1,1,0.56,0.5303,0.94,0.194,5,14,19
2012-05-16,2,1,5,3,0,3,1,1,0.56,0.5303,0.88,0.1045,1,5,6
2012-05-16,2,1,5,4,0,3,1,1,0.54,0.5152,0.94,0.1343,1,3,4
2012-05-16,2,1,5,5,0,3,1,1,0.54,0.5152,0.94,0.1045,4,34,38
2012-05-16,2,1,5,6,0,3,1,1,0.54,0.5152,0.94,0.0896,8,150,158
2012-05-16,2,1,5,7,0,3,1,1,0.56,0.5303,0.83,0.0,14,426,440
2012-05-16,2,1,5,8,0,3,1,1,0.58,0.5455,0.83,0.0,33,617,650
2012-05-16,2,1,5,9,0,3,1,2,0.6,0.5758,0.78,0.1343,33,314,347
2012-05-16,2,1,5,10,0,3,1,1,0.66,0.6212,0.61,0.0,43,149,192
2012-05-16,2,1,5,11,0,3,1,1,0.7,0.6515,0.54,0.1343,55,212,267
2012-05-16,2,1,5,12,0,3,1,1,0.7,0.6515,0.54,0.194,59,271,330
2012-05-16,2,1,5,13,0,3,1,1,0.72,0.6515,0.42,0.0,77,273,350
2012-05-16,2,1,5,14,0,3,1,1,0.72,0.6515,0.42,0.0896,42,221,263
2012-05-16,2,1,5,15,0,3,1,2,0.72,0.6667,0.48,0.1045,52,222,274
2012-05-16,2,1,5,16,0,3,1,1,0.72,0.6515,0.45,0.1045,70,376,446
2012-05-16,2,1,5,17,0,3,1,1,0.72,0.6667,0.51,0.194,104,769,873
2012-05-16,2,1,5,18,0,3,1,1,0.72,0.6667,0.51,0.2239,97,749,846
2012-05-16,2,1,5,19,0,3,1,1,0.7,0.6515,0.54,0.2836,91,499,590
2012-05-16,2,1,5,20,0,3,1,1,0.66,0.6212,0.65,0.2537,61,398,459
2012-05-16,2,1,5,21,0,3,1,1,0.64,0.6061,0.73,0.194,63,330,393
2012-05-16,2,1,5,22,0,3,1,1,0.64,0.6061,0.73,0.1642,33,253,286
2012-05-16,2,1,5,23,0,3,1,1,0.62,0.5909,0.78,0.1045,26,107,133
2012-05-17,2,1,5,0,0,4,1,1,0.6,0.5758,0.78,0.1343,30,49,79
2012-05-17,2,1,5,1,0,4,1,1,0.6,0.5606,0.83,0.1642,12,16,28
2012-05-17,2,1,5,2,0,4,1,1,0.6,0.5758,0.78,0.1642,8,8,16
2012-05-17,2,1,5,3,0,4,1,1,0.6,0.5909,0.73,0.2537,0,3,3
2012-05-17,2,1,5,4,0,4,1,1,0.6,0.6061,0.64,0.3284,3,13,16
2012-05-17,2,1,5,5,0,4,1,1,0.56,0.5303,0.68,0.3284,1,34,35
2012-05-17,2,1,5,6,0,4,1,1,0.54,0.5152,0.73,0.3582,10,149,159
2012-05-17,2,1,5,7,0,4,1,1,0.54,0.5152,0.73,0.3881,25,449,474
2012-05-17,2,1,5,8,0,4,1,1,0.52,0.5,0.55,0.4478,29,605,634
2012-05-17,2,1,5,9,0,4,1,1,0.54,0.5152,0.52,0.4179,57,289,346
2012-05-17,2,1,5,10,0,4,1,1,0.56,0.5303,0.52,0.2537,43,162,205
2012-05-17,2,1,5,11,0,4,1,1,0.58,0.5455,0.49,0.2239,77,202,279
2012-05-17,2,1,5,12,0,4,1,1,0.6,0.6212,0.43,0.194,72,276,348
2012-05-17,2,1,5,13,0,4,1,1,0.62,0.6212,0.41,0.194,86,241,327
2012-05-17,2,1,5,14,0,4,1,1,0.64,0.6212,0.38,0.194,68,202,270
2012-05-17,2,1,5,15,0,4,1,1,0.64,0.6212,0.36,0.2537,83,233,316
2012-05-17,2,1,5,16,0,4,1,1,0.66,0.6212,0.31,0.194,86,344,430
2012-05-17,2,1,5,17,0,4,1,1,0.66,0.6212,0.31,0.1343,133,719,852
2012-05-17,2,1,5,18,0,4,1,1,0.66,0.6212,0.27,0.1642,134,734,868
2012-05-17,2,1,5,19,0,4,1,1,0.64,0.6212,0.31,0.194,86,451,537
2012-05-17,2,1,5,20,0,4,1,1,0.6,0.6212,0.4,0.194,83,363,446
2012-05-17,2,1,5,21,0,4,1,1,0.58,0.5455,0.4,0.1045,45,254,299
2012-05-17,2,1,5,22,0,4,1,1,0.56,0.5303,0.43,0.0896,42,209,251
2012-05-17,2,1,5,23,0,4,1,1,0.54,0.5152,0.49,0.1343,29,137,166
2012-05-18,2,1,5,0,0,5,1,1,0.52,0.5,0.59,0.1045,13,57,70
2012-05-18,2,1,5,1,0,5,1,1,0.5,0.4848,0.59,0.0896,16,33,49
2012-05-18,2,1,5,2,0,5,1,1,0.48,0.4697,0.67,0.1343,12,9,21
2012-05-18,2,1,5,3,0,5,1,1,0.46,0.4545,0.72,0.0896,6,8,14
2012-05-18,2,1,5,4,0,5,1,1,0.46,0.4545,0.77,0.1642,0,11,11
2012-05-18,2,1,5,5,0,5,1,1,0.46,0.4545,0.77,0.1045,1,33,34
2012-05-18,2,1,5,6,0,5,1,1,0.44,0.4394,0.77,0.1343,14,168,182
2012-05-18,2,1,5,7,0,5,1,1,0.46,0.4545,0.82,0.1045,40,475,515
2012-05-18,2,1,5,8,0,5,1,1,0.52,0.5,0.59,0.1343,49,696,745
2012-05-18,2,1,5,9,0,5,1,1,0.56,0.5303,0.56,0.1045,57,304,361
2012-05-18,2,1,5,10,0,5,1,1,0.6,0.6212,0.46,0.1343,74,181,255
2012-05-18,2,1,5,11,0,5,1,1,0.62,0.6212,0.43,0.0,109,225,334
2012-05-18,2,1,5,12,0,5,1,1,0.62,0.6212,0.41,0.194,108,252,360
2012-05-18,2,1,5,13,0,5,1,1,0.64,0.6212,0.36,0.1642,98,297,395
2012-05-18,2,1,5,14,0,5,1,1,0.66,0.6212,0.34,0.1343,108,242,350
2012-05-18,2,1,5,15,0,5,1,1,0.66,0.6212,0.36,0.194,131,260,391
2012-05-18,2,1,5,16,0,5,1,1,0.66,0.6212,0.34,0.2537,151,417,568
2012-05-18,2,1,5,17,0,5,1,1,0.66,0.6212,0.34,0.1343,124,688,812
2012-05-18,2,1,5,18,0,5,1,1,0.64,0.6212,0.38,0.2239,99,570,669
2012-05-18,2,1,5,19,0,5,1,1,0.62,0.6212,0.41,0.194,91,392,483
2012-05-18,2,1,5,20,0,5,1,1,0.62,0.6212,0.41,0.1642,73,264,337
2012-05-18,2,1,5,21,0,5,1,1,0.6,0.6212,0.4,0.0,49,209,258
2012-05-18,2,1,5,22,0,5,1,1,0.56,0.5303,0.52,0.3284,57,194,251
2012-05-18,2,1,5,23,0,5,1,1,0.52,0.5,0.55,0.0,41,133,174
2012-05-19,2,1,5,0,0,6,0,1,0.52,0.5,0.48,0.1045,30,118,148
2012-05-19,2,1,5,1,0,6,0,1,0.5,0.4848,0.48,0.0,20,84,104
2012-05-19,2,1,5,2,0,6,0,1,0.5,0.4848,0.51,0.1045,13,56,69
2012-05-19,2,1,5,3,0,6,0,1,0.5,0.4848,0.48,0.1045,10,23,33
2012-05-19,2,1,5,4,0,6,0,1,0.48,0.4697,0.59,0.0896,6,8,14
2012-05-19,2,1,5,5,0,6,0,1,0.46,0.4545,0.67,0.0,1,11,12
2012-05-19,2,1,5,6,0,6,0,1,0.44,0.4394,0.72,0.0896,12,38,50
2012-05-19,2,1,5,7,0,6,0,1,0.46,0.4545,0.67,0.1045,28,67,95
2012-05-19,2,1,5,8,0,6,0,1,0.52,0.5,0.52,0.1642,33,162,195
2012-05-19,2,1,5,9,0,6,0,1,0.56,0.5303,0.43,0.1642,79,213,292
2012-05-19,2,1,5,10,0,6,0,1,0.56,0.5303,0.43,0.0,177,275,452
2012-05-19,2,1,5,11,0,6,0,1,0.62,0.6212,0.38,0.0896,235,351,586
2012-05-19,2,1,5,12,0,6,0,1,0.66,0.6212,0.36,0.0,276,366,642
2012-05-19,2,1,5,13,0,6,0,1,0.7,0.6364,0.37,0.1343,332,372,704
2012-05-19,2,1,5,14,0,6,0,1,0.72,0.6515,0.3,0.0896,361,369,730
2012-05-19,2,1,5,15,0,6,0,1,0.72,0.6515,0.3,0.1045,356,316,672
2012-05-19,2,1,5,16,0,6,0,1,0.74,0.6515,0.3,0.1045,331,311,642
2012-05-19,2,1,5,17,0,6,0,1,0.74,0.6515,0.3,0.0896,279,347,626
2012-05-19,2,1,5,18,0,6,0,1,0.74,0.6515,0.33,0.0896,254,391,645
2012-05-19,2,1,5,19,0,6,0,1,0.7,0.6364,0.39,0.1343,203,229,432
2012-05-19,2,1,5,20,0,6,0,1,0.68,0.6364,0.41,0.0896,118,197,315
2012-05-19,2,1,5,21,0,6,0,1,0.64,0.6212,0.5,0.0,81,178,259
2012-05-19,2,1,5,22,0,6,0,1,0.64,0.6212,0.47,0.0,104,234,338
2012-05-19,2,1,5,23,0,6,0,1,0.6,0.6212,0.56,0.1642,71,168,239
2012-05-20,2,1,5,0,0,0,0,1,0.58,0.5455,0.53,0.1045,42,128,170
2012-05-20,2,1,5,1,0,0,0,1,0.56,0.5303,0.52,0.0,28,102,130
2012-05-20,2,1,5,2,0,0,0,1,0.56,0.5303,0.52,0.0,36,62,98
2012-05-20,2,1,5,3,0,0,0,1,0.54,0.5152,0.56,0.0896,26,40,66
2012-05-20,2,1,5,4,0,0,0,1,0.52,0.5,0.68,0.0896,2,14,16
2012-05-20,2,1,5,5,0,0,0,1,0.5,0.4848,0.72,0.1045,1,7,8
2012-05-20,2,1,5,6,0,0,0,1,0.5,0.4848,0.63,0.1343,4,21,25
2012-05-20,2,1,5,7,0,0,0,1,0.52,0.5,0.68,0.194,35,55,90
2012-05-20,2,1,5,8,0,0,0,1,0.56,0.5303,0.56,0.1642,51,120,171
2012-05-20,2,1,5,9,0,0,0,1,0.62,0.6212,0.32,0.2537,129,184,313
2012-05-20,2,1,5,10,0,0,0,1,0.66,0.6212,0.34,0.2985,174,258,432
2012-05-20,2,1,5,11,0,0,0,1,0.66,0.6212,0.36,0.3284,258,323,581
2012-05-20,2,1,5,12,0,0,0,1,0.68,0.6364,0.36,0.3284,247,390,637
2012-05-20,2,1,5,13,0,0,0,1,0.7,0.6364,0.37,0.2836,244,363,607
2012-05-20,2,1,5,14,0,0,0,1,0.72,0.6515,0.39,0.3881,236,307,543
2012-05-20,2,1,5,15,0,0,0,2,0.7,0.6364,0.39,0.4179,246,256,502
2012-05-20,2,1,5,16,0,0,0,1,0.72,0.6515,0.42,0.3582,238,339,577
2012-05-20,2,1,5,17,0,0,0,1,0.72,0.6515,0.45,0.3284,209,340,549
2012-05-20,2,1,5,18,0,0,0,1,0.7,0.6515,0.51,0.3284,146,328,474
2012-05-20,2,1,5,19,0,0,0,1,0.66,0.6212,0.61,0.4179,142,260,402
2012-05-20,2,1,5,20,0,0,0,1,0.66,0.6212,0.61,0.4179,83,191,274
2012-05-20,2,1,5,21,0,0,0,1,0.64,0.6061,0.69,0.3881,51,182,233
2012-05-20,2,1,5,22,0,0,0,1,0.62,0.5909,0.73,0.3284,44,101,145
2012-05-20,2,1,5,23,0,0,0,3,0.6,0.5758,0.78,0.3582,32,54,86
2012-05-21,2,1,5,0,0,1,1,3,0.58,0.5455,0.88,0.2985,12,28,40
2012-05-21,2,1,5,1,0,1,1,3,0.58,0.5455,0.88,0.3582,4,11,15
2012-05-21,2,1,5,2,0,1,1,3,0.56,0.5303,0.94,0.2537,2,9,11
2012-05-21,2,1,5,3,0,1,1,2,0.56,0.5303,0.88,0.2985,0,2,2
2012-05-21,2,1,5,4,0,1,1,3,0.56,0.5303,0.88,0.2985,2,5,7
2012-05-21,2,1,5,5,0,1,1,3,0.56,0.5303,0.88,0.2985,1,14,15
2012-05-21,2,1,5,6,0,1,1,3,0.56,0.5303,0.88,0.2985,3,76,79
2012-05-21,2,1,5,7,0,1,1,3,0.56,0.5303,0.88,0.2985,7,146,153
2012-05-21,2,1,5,8,0,1,1,3,0.56,0.5303,0.88,0.2537,12,258,270
2012-05-21,2,1,5,9,0,1,1,3,0.56,0.5303,0.88,0.2239,14,172,186
2012-05-21,2,1,5,10,0,1,1,3,0.58,0.5455,0.88,0.2836,28,71,99
2012-05-21,2,1,5,11,0,1,1,2,0.6,0.5606,0.83,0.1642,24,82,106
2012-05-21,2,1,5,12,0,1,1,2,0.6,0.5606,0.83,0.2537,46,124,170
2012-05-21,2,1,5,13,0,1,1,3,0.6,0.5606,0.83,0.2537,49,135,184
2012-05-21,2,1,5,14,0,1,1,3,0.6,0.5606,0.83,0.194,45,135,180
2012-05-21,2,1,5,15,0,1,1,2,0.64,0.6061,0.73,0.194,67,158,225
2012-05-21,2,1,5,16,0,1,1,2,0.64,0.6061,0.73,0.2537,46,269,315
2012-05-21,2,1,5,17,0,1,1,2,0.66,0.6212,0.69,0.2537,40,468,508
2012-05-21,2,1,5,18,0,1,1,1,0.64,0.6061,0.73,0.1045,52,478,530
2012-05-21,2,1,5,19,0,1,1,1,0.66,0.6212,0.69,0.0896,57,391,448
2012-05-21,2,1,5,20,0,1,1,1,0.64,0.6061,0.69,0.1343,44,292,336
2012-05-21,2,1,5,21,0,1,1,1,0.62,0.6061,0.69,0.0896,31,210,241
2012-05-21,2,1,5,22,0,1,1,2,0.62,0.5909,0.73,0.1642,26,116,142
2012-05-21,2,1,5,23,0,1,1,1,0.62,0.5909,0.73,0.2836,18,79,97
2012-05-22,2,1,5,0,0,2,1,1,0.58,0.5455,0.83,0.2537,10,26,36
2012-05-22,2,1,5,1,0,2,1,2,0.58,0.5455,0.83,0.1343,11,16,27
2012-05-22,2,1,5,2,0,2,1,2,0.58,0.5455,0.83,0.1045,1,10,11
2012-05-22,2,1,5,3,0,2,1,2,0.58,0.5455,0.83,0.1045,0,5,5
2012-05-22,2,1,5,4,0,2,1,2,0.56,0.5303,0.88,0.1642,0,7,7
2012-05-22,2,1,5,5,0,2,1,3,0.56,0.5303,0.88,0.194,0,17,17
2012-05-22,2,1,5,6,0,2,1,3,0.56,0.5303,0.88,0.1045,8,129,137
2012-05-22,2,1,5,7,0,2,1,3,0.56,0.5303,0.88,0.1045,9,315,324
2012-05-22,2,1,5,8,0,2,1,2,0.56,0.5303,0.88,0.1343,20,570,590
2012-05-22,2,1,5,9,0,2,1,2,0.6,0.5606,0.83,0.1045,46,287,333
2012-05-22,2,1,5,10,0,2,1,2,0.6,0.5758,0.78,0.0896,52,148,200
2012-05-22,2,1,5,11,0,2,1,2,0.6,0.5758,0.78,0.0,39,150,189
2012-05-22,2,1,5,12,0,2,1,2,0.62,0.5909,0.78,0.1045,76,178,254
2012-05-22,2,1,5,13,0,2,1,2,0.64,0.6061,0.73,0.0,48,195,243
2012-05-22,2,1,5,14,0,2,1,2,0.64,0.6061,0.73,0.1045,73,149,222
2012-05-22,2,1,5,15,0,2,1,1,0.7,0.6515,0.61,0.0896,54,191,245
2012-05-22,2,1,5,16,0,2,1,1,0.68,0.6364,0.61,0.1045,70,316,386
2012-05-22,2,1,5,17,0,2,1,1,0.72,0.6667,0.54,0.0,69,716,785
2012-05-22,2,1,5,18,0,2,1,1,0.68,0.6364,0.61,0.1343,76,709,785
2012-05-22,2,1,5,19,0,2,1,1,0.66,0.6212,0.69,0.2239,44,320,364
2012-05-22,2,1,5,20,0,2,1,1,0.64,0.6061,0.73,0.2537,54,319,373
2012-05-22,2,1,5,21,0,2,1,1,0.62,0.5909,0.78,0.1343,28,233,261
2012-05-22,2,1,5,22,0,2,1,1,0.62,0.5909,0.73,0.0896,17,157,174
2012-05-22,2,1,5,23,0,2,1,1,0.62,0.5909,0.73,0.1045,14,91,105
2012-05-23,2,1,5,0,0,3,1,1,0.62,0.5909,0.78,0.1343,19,28,47
2012-05-23,2,1,5,1,0,3,1,1,0.6,0.5606,0.83,0.1642,23,9,32
2012-05-23,2,1,5,2,0,3,1,2,0.6,0.5606,0.83,0.1642,2,10,12
2012-05-23,2,1,5,3,0,3,1,1,0.6,0.5758,0.78,0.1045,0,5,5
2012-05-23,2,1,5,4,0,3,1,3,0.58,0.5455,0.83,0.194,0,3,3
2012-05-23,2,1,5,5,0,3,1,3,0.56,0.5303,0.88,0.2537,6,29,35
2012-05-23,2,1,5,6,0,3,1,1,0.56,0.5303,0.88,0.1045,6,154,160
2012-05-23,2,1,5,7,0,3,1,1,0.58,0.5455,0.83,0.0,16,452,468
2012-05-23,2,1,5,8,0,3,1,1,0.58,0.5455,0.83,0.0,38,681,719
2012-05-23,2,1,5,9,0,3,1,2,0.62,0.5909,0.78,0.0,39,258,297
2012-05-23,2,1,5,10,0,3,1,1,0.62,0.5909,0.78,0.0896,52,139,191
2012-05-23,2,1,5,11,0,3,1,1,0.64,0.6061,0.73,0.0,46,151,197
2012-05-23,2,1,5,12,0,3,1,2,0.66,0.6212,0.69,0.0896,42,206,248
2012-05-23,2,1,5,13,0,3,1,2,0.66,0.6212,0.74,0.1642,69,201,270
2012-05-23,2,1,5,14,0,3,1,1,0.68,0.6364,0.65,0.1343,67,181,248
2012-05-23,2,1,5,15,0,3,1,2,0.7,0.6515,0.61,0.0,65,192,257
2012-05-23,2,1,5,16,0,3,1,3,0.7,0.6515,0.61,0.0896,62,216,278
2012-05-23,2,1,5,17,0,3,1,3,0.64,0.6061,0.69,0.1045,45,240,285
2012-05-23,2,1,5,18,0,3,1,3,0.64,0.6061,0.69,0.1045,31,296,327
2012-05-23,2,1,5,19,0,3,1,2,0.62,0.5758,0.83,0.1642,40,336,376
2012-05-23,2,1,5,20,0,3,1,2,0.62,0.5758,0.83,0.0896,28,267,295
2012-05-23,2,1,5,21,0,3,1,2,0.62,0.5758,0.83,0.0,24,221,245
2012-05-23,2,1,5,22,0,3,1,2,0.62,0.5758,0.83,0.1642,23,136,159
2012-05-23,2,1,5,23,0,3,1,1,0.6,0.5606,0.83,0.1343,23,83,106
2012-05-24,2,1,5,0,0,4,1,1,0.6,0.5606,0.83,0.0896,7,49,56
2012-05-24,2,1,5,1,0,4,1,1,0.6,0.5455,0.88,0.0896,9,21,30
2012-05-24,2,1,5,2,0,4,1,1,0.6,0.5455,0.88,0.0,1,15,16
2012-05-24,2,1,5,3,0,4,1,2,0.6,0.5455,0.88,0.1045,1,3,4
2012-05-24,2,1,5,4,0,4,1,2,0.6,0.5455,0.88,0.1642,0,5,5
2012-05-24,2,1,5,5,0,4,1,2,0.6,0.5455,0.88,0.1642,1,29,30
2012-05-24,2,1,5,6,0,4,1,2,0.6,0.5455,0.88,0.1642,10,146,156
2012-05-24,2,1,5,7,0,4,1,1,0.6,0.5606,0.83,0.1045,22,393,415
2012-05-24,2,1,5,8,0,4,1,1,0.62,0.5909,0.73,0.1343,33,659,692
2012-05-24,2,1,5,9,0,4,1,1,0.62,0.5909,0.73,0.1642,34,267,301
2012-05-24,2,1,5,10,0,4,1,1,0.64,0.6061,0.65,0.1343,47,138,185
2012-05-24,2,1,5,11,0,4,1,1,0.66,0.6212,0.65,0.1343,61,160,221
2012-05-24,2,1,5,12,0,4,1,1,0.7,0.6515,0.58,0.1045,76,213,289
2012-05-24,2,1,5,13,0,4,1,1,0.72,0.6667,0.54,0.1642,69,233,302
2012-05-24,2,1,5,14,0,4,1,1,0.74,0.6818,0.55,0.2239,72,180,252
2012-05-24,2,1,5,15,0,4,1,1,0.74,0.6818,0.55,0.2537,69,222,291
2012-05-24,2,1,5,16,0,4,1,1,0.74,0.6818,0.55,0.3582,61,329,390
2012-05-24,2,1,5,17,0,4,1,1,0.74,0.6818,0.55,0.2836,120,678,798
2012-05-24,2,1,5,18,0,4,1,1,0.72,0.6667,0.54,0.3284,118,634,752
2012-05-24,2,1,5,19,0,4,1,1,0.7,0.6515,0.61,0.2985,76,416,492
2012-05-24,2,1,5,20,0,4,1,2,0.66,0.6212,0.69,0.2836,55,343,398
2012-05-24,2,1,5,21,0,4,1,3,0.64,0.5909,0.78,0.1642,48,237,285
2012-05-24,2,1,5,22,0,4,1,2,0.64,0.5909,0.78,0.1045,33,210,243
2012-05-24,2,1,5,23,0,4,1,2,0.64,0.5909,0.78,0.1343,36,131,167
2012-05-25,2,1,5,0,0,5,1,1,0.62,0.5758,0.83,0.1343,10,63,73
2012-05-25,2,1,5,1,0,5,1,1,0.62,0.5758,0.83,0.0896,8,34,42
2012-05-25,2,1,5,2,0,5,1,2,0.62,0.5758,0.83,0.0,7,16,23
2012-05-25,2,1,5,3,0,5,1,2,0.62,0.5606,0.88,0.1045,8,6,14
2012-05-25,2,1,5,4,0,5,1,2,0.62,0.5606,0.88,0.0,3,6,9
2012-05-25,2,1,5,5,0,5,1,2,0.62,0.5606,0.88,0.0896,2,28,30
2012-05-25,2,1,5,6,0,5,1,2,0.62,0.5606,0.88,0.1045,5,108,113
2012-05-25,2,1,5,7,0,5,1,2,0.62,0.5606,0.88,0.1642,7,352,359
2012-05-25,2,1,5,8,0,5,1,2,0.64,0.5758,0.89,0.1045,32,551,583
2012-05-25,2,1,5,9,0,5,1,2,0.64,0.5758,0.89,0.1343,52,288,340
2012-05-25,2,1,5,10,0,5,1,1,0.68,0.6364,0.79,0.1642,69,163,232
2012-05-25,2,1,5,11,0,5,1,1,0.68,0.6364,0.79,0.1343,90,193,283
2012-05-25,2,1,5,12,0,5,1,1,0.72,0.6818,0.66,0.1045,84,237,321
2012-05-25,2,1,5,13,0,5,1,1,0.74,0.6818,0.62,0.1343,86,247,333
2012-05-25,2,1,5,14,0,5,1,1,0.74,0.6818,0.58,0.1343,104,263,367
2012-05-25,2,1,5,15,0,5,1,1,0.76,0.7121,0.62,0.194,106,360,466
2012-05-25,2,1,5,16,0,5,1,1,0.78,0.7121,0.52,0.2239,137,447,584
2012-05-25,2,1,5,17,0,5,1,1,0.76,0.7121,0.62,0.2836,124,529,653
2012-05-25,2,1,5,18,0,5,1,1,0.76,0.7121,0.62,0.194,131,391,522
2012-05-25,2,1,5,19,0,5,1,1,0.74,0.6818,0.62,0.2537,111,293,404
2012-05-25,2,1,5,20,0,5,1,1,0.7,0.6515,0.65,0.1642,80,270,350
2012-05-25,2,1,5,21,0,5,1,1,0.7,0.6515,0.65,0.1343,62,193,255
2012-05-25,2,1,5,22,0,5,1,1,0.66,0.6212,0.74,0.1045,65,147,212
2012-05-25,2,1,5,23,0,5,1,1,0.66,0.6061,0.78,0.2239,34,132,166
2012-05-26,2,1,5,0,0,6,0,1,0.64,0.5758,0.83,0.1642,18,98,116
2012-05-26,2,1,5,1,0,6,0,1,0.64,0.5758,0.83,0.1343,18,64,82
2012-05-26,2,1,5,2,0,6,0,1,0.64,0.5758,0.89,0.1343,9,55,64
2012-05-26,2,1,5,3,0,6,0,1,0.62,0.5606,0.88,0.1045,9,22,31
2012-05-26,2,1,5,4,0,6,0,1,0.62,0.5606,0.88,0.1343,0,2,2
2012-05-26,2,1,5,5,0,6,0,1,0.62,0.5758,0.83,0.2537,0,10,10
2012-05-26,2,1,5,6,0,6,0,1,0.62,0.5606,0.88,0.194,6,25,31
2012-05-26,2,1,5,7,0,6,0,2,0.62,0.5606,0.88,0.1642,10,44,54
2012-05-26,2,1,5,8,0,6,0,1,0.64,0.5909,0.78,0.1343,38,103,141
2012-05-26,2,1,5,9,0,6,0,1,0.64,0.5758,0.83,0.194,97,192,289
2012-05-26,2,1,5,10,0,6,0,1,0.68,0.6364,0.79,0.2239,181,256,437
2012-05-26,2,1,5,11,0,6,0,1,0.7,0.6667,0.74,0.194,208,312,520
2012-05-26,2,1,5,12,0,6,0,1,0.74,0.697,0.66,0.2239,236,293,529
2012-05-26,2,1,5,13,0,6,0,1,0.76,0.7273,0.66,0.194,265,274,539
2012-05-26,2,1,5,14,0,6,0,1,0.76,0.7273,0.66,0.2239,307,257,564
2012-05-26,2,1,5,15,0,6,0,1,0.76,0.7273,0.66,0.2836,274,239,513
2012-05-26,2,1,5,16,0,6,0,1,0.78,0.7273,0.55,0.2537,261,243,504
2012-05-26,2,1,5,17,0,6,0,2,0.78,0.7121,0.52,0.2537,235,227,462
2012-05-26,2,1,5,18,0,6,0,2,0.76,0.697,0.52,0.194,199,216,415
2012-05-26,2,1,5,19,0,6,0,2,0.74,0.697,0.66,0.2239,159,214,373
2012-05-26,2,1,5,20,0,6,0,2,0.74,0.6818,0.55,0.194,103,152,255
2012-05-26,2,1,5,21,0,6,0,2,0.72,0.6818,0.62,0.194,100,151,251
2012-05-26,2,1,5,22,0,6,0,1,0.7,0.6667,0.74,0.2537,86,118,204
2012-05-26,2,1,5,23,0,6,0,1,0.7,0.6667,0.74,0.2537,36,114,150
2012-05-27,2,1,5,0,0,0,0,2,0.68,0.6364,0.69,0.1642,48,89,137
2012-05-27,2,1,5,1,0,0,0,1,0.66,0.6212,0.74,0.2239,17,61,78
2012-05-27,2,1,5,2,0,0,0,1,0.64,0.6061,0.73,0.2239,16,45,61
2012-05-27,2,1,5,3,0,0,0,1,0.64,0.6061,0.73,0.1642,11,25,36
2012-05-27,2,1,5,4,0,0,0,1,0.62,0.5758,0.83,0.194,4,7,11
2012-05-27,2,1,5,5,0,0,0,1,0.62,0.5758,0.83,0.194,2,5,7
2012-05-27,2,1,5,6,0,0,0,1,0.62,0.5758,0.83,0.1642,8,14,22
2012-05-27,2,1,5,7,0,0,0,1,0.62,0.5606,0.88,0.1642,22,30,52
2012-05-27,2,1,5,8,0,0,0,1,0.64,0.5758,0.83,0.194,69,82,151
2012-05-27,2,1,5,9,0,0,0,1,0.66,0.6061,0.83,0.2239,130,140,270
2012-05-27,2,1,5,10,0,0,0,1,0.68,0.6364,0.74,0.2537,209,215,424
2012-05-27,2,1,5,11,0,0,0,1,0.72,0.6818,0.66,0.2239,268,251,519
2012-05-27,2,1,5,12,0,0,0,1,0.74,0.697,0.66,0.2537,301,269,570
2012-05-27,2,1,5,13,0,0,0,1,0.76,0.7121,0.58,0.194,270,228,498
2012-05-27,2,1,5,14,0,0,0,1,0.76,0.7121,0.58,0.2537,317,230,547
2012-05-27,2,1,5,15,0,0,0,1,0.78,0.7121,0.52,0.2836,290,245,535
2012-05-27,2,1,5,16,0,0,0,1,0.78,0.7121,0.52,0.2836,258,243,501
2012-05-27,2,1,5,17,0,0,0,1,0.78,0.7121,0.49,0.2985,275,247,522
2012-05-27,2,1,5,18,0,0,0,1,0.76,0.7121,0.58,0.2985,266,252,518
2012-05-27,2,1,5,19,0,0,0,1,0.76,0.7121,0.58,0.194,230,212,442
2012-05-27,2,1,5,20,0,0,0,1,0.74,0.6818,0.55,0.1642,168,224,392
2012-05-27,2,1,5,21,0,0,0,3,0.66,0.6212,0.69,0.4179,64,79,143
2012-05-27,2,1,5,22,0,0,0,3,0.62,0.5758,0.83,0.0,9,50,59
2012-05-27,2,1,5,23,0,0,0,3,0.62,0.5758,0.83,0.1343,31,65,96
2012-05-28,2,1,5,0,1,1,0,1,0.62,0.5758,0.83,0.2239,21,44,65
2012-05-28,2,1,5,1,1,1,0,2,0.62,0.5909,0.78,0.2985,14,45,59
2012-05-28,2,1,5,2,1,1,0,1,0.6,0.5606,0.83,0.2239,20,28,48
2012-05-28,2,1,5,3,1,1,0,1,0.62,0.5909,0.73,0.1642,6,12,18
2012-05-28,2,1,5,4,1,1,0,1,0.6,0.5758,0.78,0.1343,2,4,6
2012-05-28,2,1,5,5,1,1,0,1,0.6,0.5758,0.78,0.1343,4,5,9
2012-05-28,2,1,5,6,1,1,0,1,0.62,0.5909,0.73,0.1642,6,14,20
2012-05-28,2,1,5,7,1,1,0,1,0.62,0.5909,0.78,0.1045,24,43,67
2012-05-28,2,1,5,8,1,1,0,1,0.66,0.6212,0.69,0.0,62,93,155
2012-05-28,2,1,5,9,1,1,0,1,0.7,0.6515,0.61,0.0,121,142,263
2012-05-28,2,1,5,10,1,1,0,1,0.7,0.6515,0.61,0.0,189,175,364
2012-05-28,2,1,5,11,1,1,0,1,0.72,0.6818,0.66,0.1343,254,222,476
2012-05-28,2,1,5,12,1,1,0,1,0.76,0.7121,0.62,0.1343,233,292,525
2012-05-28,2,1,5,13,1,1,0,1,0.8,0.7879,0.63,0.2836,272,284,556
2012-05-28,2,1,5,14,1,1,0,1,0.8,0.7879,0.63,0.2836,238,227,465
2012-05-28,2,1,5,15,1,1,0,1,0.82,0.7879,0.56,0.2985,181,279,460
2012-05-28,2,1,5,16,1,1,0,1,0.82,0.7879,0.56,0.3284,223,278,501
2012-05-28,2,1,5,17,1,1,0,1,0.82,0.7879,0.56,0.2985,158,247,405
2012-05-28,2,1,5,18,1,1,0,1,0.8,0.7727,0.59,0.2985,132,251,383
2012-05-28,2,1,5,19,1,1,0,1,0.8,0.7576,0.55,0.2985,148,247,395
2012-05-28,2,1,5,20,1,1,0,1,0.78,0.7424,0.62,0.2985,114,203,317
2012-05-28,2,1,5,21,1,1,0,1,0.76,0.7273,0.66,0.2836,66,181,247
2012-05-28,2,1,5,22,1,1,0,1,0.74,0.697,0.7,0.1642,47,110,157
2012-05-28,2,1,5,23,1,1,0,1,0.72,0.697,0.74,0.1642,22,60,82
2012-05-29,2,1,5,0,0,2,1,1,0.7,0.6667,0.79,0.194,12,33,45
2012-05-29,2,1,5,1,0,2,1,1,0.7,0.6667,0.79,0.194,1,13,14
2012-05-29,2,1,5,2,0,2,1,1,0.68,0.6364,0.83,0.1343,0,8,8
2012-05-29,2,1,5,3,0,2,1,1,0.68,0.6364,0.79,0.2836,1,2,3
2012-05-29,2,1,5,4,0,2,1,1,0.66,0.6061,0.78,0.2239,0,5,5
2012-05-29,2,1,5,5,0,2,1,1,0.66,0.6061,0.78,0.2239,1,32,33
2012-05-29,2,1,5,6,0,2,1,1,0.66,0.6061,0.78,0.2239,9,145,154
2012-05-29,2,1,5,7,0,2,1,1,0.66,0.6061,0.78,0.2239,19,431,450
2012-05-29,2,1,5,8,0,2,1,1,0.7,0.6667,0.74,0.194,46,588,634
2012-05-29,2,1,5,9,0,2,1,1,0.72,0.6818,0.7,0.2537,26,231,257
2012-05-29,2,1,5,10,0,2,1,1,0.74,0.697,0.7,0.2985,67,116,183
2012-05-29,2,1,5,11,0,2,1,1,0.76,0.7121,0.62,0.2985,50,147,197
2012-05-29,2,1,5,12,0,2,1,1,0.8,0.7576,0.55,0.3284,56,181,237
2012-05-29,2,1,5,13,0,2,1,1,0.82,0.7727,0.52,0.3881,63,176,239
2012-05-29,2,1,5,14,0,2,1,1,0.82,0.7727,0.52,0.4179,80,158,238
2012-05-29,2,1,5,15,0,2,1,1,0.82,0.7727,0.49,0.3881,71,185,256
2012-05-29,2,1,5,16,0,2,1,1,0.82,0.7727,0.49,0.4925,73,320,393
2012-05-29,2,1,5,17,0,2,1,1,0.82,0.7576,0.46,0.4179,107,674,781
2012-05-29,2,1,5,18,0,2,1,1,0.8,0.7424,0.49,0.4925,78,632,710
2012-05-29,2,1,5,19,0,2,1,1,0.78,0.7121,0.52,0.3582,69,457,526
2012-05-29,2,1,5,20,0,2,1,3,0.7,0.6515,0.61,0.5224,36,168,204
2012-05-29,2,1,5,21,0,2,1,3,0.6,0.5455,0.88,0.4478,3,68,71
2012-05-29,2,1,5,22,0,2,1,2,0.62,0.5606,0.88,0.0896,2,53,55
2012-05-29,2,1,5,23,0,2,1,3,0.62,0.5455,0.94,0.0,10,40,50
2012-05-30,2,1,5,0,0,3,1,3,0.64,0.5758,0.89,0.1045,4,32,36
2012-05-30,2,1,5,1,0,3,1,3,0.64,0.5758,0.89,0.194,0,4,4
2012-05-30,2,1,5,2,0,3,1,3,0.62,0.5455,0.94,0.0896,1,4,5
2012-05-30,2,1,5,3,0,3,1,3,0.62,0.5606,0.88,0.1343,0,5,5
2012-05-30,2,1,5,4,0,3,1,2,0.62,0.5606,0.88,0.1343,0,6,6
2012-05-30,2,1,5,5,0,3,1,2,0.62,0.5909,0.78,0.1343,1,40,41
2012-05-30,2,1,5,6,0,3,1,2,0.6,0.5758,0.78,0.1045,5,139,144
2012-05-30,2,1,5,7,0,3,1,3,0.6,0.5758,0.78,0.194,14,469,483
2012-05-30,2,1,5,8,0,3,1,2,0.6,0.5909,0.73,0.1642,29,642,671
2012-05-30,2,1,5,9,0,3,1,2,0.62,0.6061,0.69,0.194,23,282,305
2012-05-30,2,1,5,10,0,3,1,2,0.62,0.6061,0.69,0.2836,39,138,177
2012-05-30,2,1,5,11,0,3,1,2,0.66,0.6212,0.65,0.194,53,155,208
2012-05-30,2,1,5,12,0,3,1,1,0.7,0.6515,0.54,0.0,33,220,253
2012-05-30,2,1,5,13,0,3,1,1,0.7,0.6515,0.51,0.0,53,236,289
2012-05-30,2,1,5,14,0,3,1,1,0.72,0.6515,0.42,0.1343,44,208,252
2012-05-30,2,1,5,15,0,3,1,1,0.72,0.6667,0.51,0.1343,54,221,275
2012-05-30,2,1,5,16,0,3,1,1,0.72,0.6667,0.51,0.1642,46,352,398
2012-05-30,2,1,5,17,0,3,1,1,0.74,0.6667,0.48,0.0896,83,756,839
2012-05-30,2,1,5,18,0,3,1,1,0.74,0.6667,0.48,0.1642,50,746,796
2012-05-30,2,1,5,19,0,3,1,1,0.72,0.6667,0.54,0.1642,50,506,556
2012-05-30,2,1,5,20,0,3,1,2,0.54,0.5152,0.6,0.1343,57,374,431
2012-05-30,2,1,5,21,0,3,1,1,0.68,0.6364,0.57,0.1045,41,263,304
2012-05-30,2,1,5,22,0,3,1,1,0.66,0.6212,0.69,0.1045,26,191,217
2012-05-30,2,1,5,23,0,3,1,1,0.66,0.6212,0.65,0.1045,39,121,160
2012-05-31,2,1,5,0,0,4,1,1,0.64,0.6061,0.69,0.1343,13,48,61
2012-05-31,2,1,5,1,0,4,1,1,0.64,0.6061,0.69,0.0896,4,22,26
2012-05-31,2,1,5,2,0,4,1,1,0.64,0.6061,0.65,0.0896,6,8,14
2012-05-31,2,1,5,3,0,4,1,1,0.62,0.6061,0.69,0.0896,0,8,8
2012-05-31,2,1,5,4,0,4,1,1,0.62,0.6061,0.69,0.0,0,8,8
2012-05-31,2,1,5,5,0,4,1,1,0.62,0.6061,0.69,0.2537,1,32,33
2012-05-31,2,1,5,6,0,4,1,1,0.6,0.5909,0.73,0.2239,7,171,178
2012-05-31,2,1,5,7,0,4,1,1,0.6,0.6061,0.64,0.2836,18,489,507
2012-05-31,2,1,5,8,0,4,1,1,0.62,0.6212,0.57,0.2537,18,675,693
2012-05-31,2,1,5,9,0,4,1,1,0.66,0.6212,0.47,0.2537,47,264,311
2012-05-31,2,1,5,10,0,4,1,1,0.7,0.6364,0.39,0.3881,65,155,220
2012-05-31,2,1,5,11,0,4,1,1,0.72,0.6515,0.37,0.2836,65,153,218
2012-05-31,2,1,5,12,0,4,1,1,0.72,0.6515,0.37,0.194,62,230,292
2012-05-31,2,1,5,13,0,4,1,1,0.74,0.6515,0.35,0.1343,77,216,293
2012-05-31,2,1,5,14,0,4,1,1,0.76,0.6667,0.31,0.194,61,193,254
2012-05-31,2,1,5,15,0,4,1,1,0.76,0.6667,0.33,0.2985,81,209,290
2012-05-31,2,1,5,16,0,4,1,1,0.76,0.6667,0.33,0.2836,103,384,487
2012-05-31,2,1,5,17,0,4,1,1,0.76,0.6667,0.31,0.1642,85,742,827
2012-05-31,2,1,5,18,0,4,1,1,0.74,0.6515,0.3,0.194,85,700,785
2012-05-31,2,1,5,19,0,4,1,1,0.72,0.6515,0.34,0.1642,104,487,591
2012-05-31,2,1,5,20,0,4,1,1,0.68,0.6364,0.44,0.1642,88,391,479
2012-05-31,2,1,5,21,0,4,1,1,0.68,0.6364,0.44,0.1642,41,318,359
2012-05-31,2,1,5,22,0,4,1,1,0.66,0.6212,0.5,0.1642,43,221,264
2012-05-31,2,1,5,23,0,4,1,1,0.66,0.6212,0.54,0.2239,26,114,140
